BEGIN;

-- таблица продуктов(12 записей)
INSERT INTO products (product_id, name, flavor, volume_ml, price, caffeine_level, ingredients) VALUES
(1, 'Энергетик Boost', 'Лимон-мята', 250, 99.90, 'high', 'вода, сахар, кофеин, таурин, витамины B, экстракт лимона, экстракт мяты'),
(2, 'Энергетик Boost', 'Клубника', 250, 99.90, 'high', 'вода, сахар, кофеин, таурин, витамины B, экстракт клубники'),
(3, 'Энергетик Boost', 'Ананас', 250, 99.90, 'high', 'вода, сахар, кофеин, таурин, витамины B, экстракт ананаса'),
(4, 'Энергетик MaxCharge', 'Чёрная вишня', 500, 149.90, 'extra_high', 'вода, сахар, кофеин, таурин, гуарана, витамины B, экстракт вишни'),
(5, 'Энергетик MaxCharge', 'Голубика', 500, 149.90, 'extra_high', 'вода, сахар, кофеин, таурин, гуарана, витамины B, экстракт голубики'),
(6, 'Энергетик MaxCharge', 'Манго', 500, 149.90, 'extra_high', 'вода, сахар, кофеин, таурин, гуарана, витамины B, экстракт манго'),
(7, 'Изотоник Hydrate', 'Апельсин', 500, 89.50, 'low', 'вода, электролиты, натрий, калий, магний, витамин C, экстракт апельсина'),
(8, 'Изотоник Hydrate', 'Лимон', 500, 89.50, 'low', 'вода, электролиты, натрий, калий, магний, витамин C, экстракт лимона'),
(9, 'Изотоник Hydrate', 'Арбуз', 500, 89.50, 'low', 'вода, электролиты, натрий, калий, магний, витамин C, экстракт арбуза'),
(10, 'Витаминный напиток VitaZest', 'Яблоко-морковь', 330, 119.00, 'medium', 'вода, витамины A, C, E, минералы, экстракт яблока, морковный сок, небольшое количество кофеина'),
(11, 'Витаминный напиток VitaZest', 'Апельсин-имбирь', 330, 119.00, 'medium', 'вода, витамины A, C, E, минералы, экстракт апельсина, экстракт имбиря, небольшое количество кофеина'),
(12, 'Витаминный напиток VitaZest', 'Гранат', 330, 119.00, 'medium', 'вода, витамины A, C, E, минералы, экстракт граната, небольшое количество кофеина');

-- таблица производственные партии(20 записей)
INSERT INTO production_batches (batch_id, product_id, production_date, quantity_produced) VALUES
(1, 1, '2024-02-01', 10000),
(2, 2, '2024-02-02', 10000),
(3, 3, '2024-02-03', 10000),
(4, 4, '2024-02-01', 8000),
(5, 5, '2024-02-02', 8000),
(6, 6, '2024-02-03', 8000),
(7, 7, '2024-02-01', 12000),
(8, 8, '2024-02-02', 12000),
(9, 9, '2024-02-03', 12000),
(10, 10, '2024-02-01', 7000),
(11, 11, '2024-02-02', 7000),
(12, 12, '2024-02-03', 7000),
(13, 1, '2024-02-10', 10000),
(14, 4, '2024-02-10', 8000),
(15, 7, '2024-02-10', 12000),
(16, 10, '2024-02-10', 7000),
(17, 2, '2024-02-15', 10000),
(18, 5, '2024-02-15', 8000),
(19, 8, '2024-02-15', 12000),
(20, 11, '2024-02-15', 7000);

-- таблица склад(12 записей)
INSERT INTO inventory (inventory_id, product_id, quantity_in_stock, last_updated) VALUES
(1, 1, 5000, '2024-02-29 16:00:00'),
(2, 2, 4800, '2024-02-29 16:15:00'),
(3, 3, 5200, '2024-02-29 16:30:00'),
(4, 4, 3000, '2024-02-29 16:45:00'),
(5, 5, 3100, '2024-02-29 17:00:00'),
(6, 6, 2900, '2024-02-29 17:15:00'),
(7, 7, 6000, '2024-02-29 17:30:00'),
(8, 8, 6200, '2024-02-29 17:45:00'),
(9, 9, 5800, '2024-02-29 18:00:00'),
(10, 10, 2000, '2024-02-29 18:15:00'),
(11, 11, 2100, '2024-02-29 18:30:00'),
(12, 12, 1900, '2024-02-29 18:45:00');

-- таблица продаж(25 записей)
INSERT INTO sales (sale_id, product_id, sale_date, quantity_sold, total_price) VALUES
(1, 1, '2024-02-05', 1000, 99900.00),
(2, 2, '2024-02-05', 950, 94905.00),
(3, 3, '2024-02-06', 1100, 109890.00),
(4, 4, '2024-02-07', 800, 119920.00),
(5, 5, '2024-02-08', 750, 112425.00),
(6, 6, '2024-02-09', 850, 127415.00),
(7, 7, '2024-02-10', 1500, 134250.00),
(8, 8, '2024-02-11', 1400, 125300.00),
(9, 9, '2024-02-12', 1600, 143200.00),
(10, 10, '2024-02-13', 500, 59500.00),
(11, 11, '2024-02-14', 480, 57120.00),
(12, 12, '2024-02-15', 520, 61880.00),
(13, 1, '2024-02-16', 900, 89910.00),
(14, 4, '2024-02-17', 700, 104930.00),
(15, 7, '2024-02-18', 1300, 116350.00),
(16, 10, '2024-02-19', 400, 47600.00),
(17, 2, '2024-02-20', 1000, 99900.00),
(18, 5, '2024-02-21', 800, 119920.00),
(19, 8, '2024-02-22', 1200, 107400.00),
(20, 11, '2024-02-23', 500, 59500.00),
(21, 3, '2024-02-24', 950, 113805.00),
(22, 6, '2024-02-25', 750, 112425.00),
(23, 9, '2024-02-26', 1400, 125300.00),
(24, 12, '2024-02-27', 480, 57120.00),
(25, 1, '2024-02-28', 800, 79920.00);

COMMIT;
